Country,country_ID,grade_4,grade_8,Human Development Index (HDI),Life expectancy at birth,Expected years of schooling,Mean years of schooling,Gross national income (GNI) per capita,HDI rank,Gender Development Index,GDI Group,HDI Female,HDI Male,Life expectancy at birth Female,Life expectancy at birth Male,Expected years of schooling Female,Expected years of schooling Male,Mean years of schooling Female,Mean years of schooling Male,Estimated  gross national income per capita,GNI Male,Youth literacy rate Female,Youth literacy rate Male,Population with at least some secondary education,Pre-primary,Primary,Secondary,Tertiary,Primary school dropout rate,Lower secondary retention,Government expenditure on education,Exports and imports,Stock of immigrants,International student mobility,International inbound tourists,Share of internet users,Share of female internet users,Lost health expectancy,"Physicians per 10,000 people","Hospital beds per 10,000 people","Pupilâ€“teacher ratio, primary school",Primary schools with access to the Internet,Secondary schools with access to the Internet,PISA Reading,PISA Math,PISA Science,Share of vulnerable employment,Share of rural population with access to electricity,Share of population with safe drinking water,Share of population with sanitation services,Male to female births,Gender enrolment ratio pre-primary,Gender enrolment ratio primary,Gender enrolment ratio secondary,Youth unemployment rate gender ratio,At least some secondary education gender ratio,Total unemployment rate gender ratio,Share of female employment in nonagriculture,Share of seats held by women in parliament,Share of seats held by women in local government,Share of hour women spent on unpaid domestic chores and care work,Time spent on unpaid domestic chores and care work gender ratio,Old-age pension recipients gender ratio,Share of women married by age 18,Share of female in STEM tertiary education programs,Share of female STEM tertiary education graduates,Female share of employment in senior and middle management,Women with account at financial institution or with mobile money-service provider,Days of mandatory paid maternity leave,Share of violence against women ever experienced by intimate partner,Share of violence against women ever experienced by nonintimate partner,Share of skilled labour force,Ratio of education and health expenditure to military expenditure,Gender Inequality Index,GII Rank,Maternal mortality ratio,Adolescent birth rate,Share of seats in parliament held by women,Share at least some secondary education Female,Share at least some secondary education Male,Labour force participation rate Female,Labour force participation rate Male
Albania,8,yes,no,0.795,78.57,14.69562,10.14573,13998.29989,68.0,0.9668253716934854,2.0,0.780396712670255,0.807174424170641,80.201,77.002,15.50103,13.95683,9.701855484,10.61449619,11004.45479585217,16884.667132163697,99.63,99.05,93.17388938,80.49873,106.99342,95.43233,54.96133,7.59791,94.3052,2.46866,76.7283,1.706401122,-13.85236,5340.0,71.847,,12.28024402377288,12.164,28.9,17.57287,46.8,74.4,405.4293663,437.2219913,416.7262577,52.852,100.0,70.0,40.0,1.09,1.0069517339575802,1.0376467225055248,1.0053936697102948,0.7990007560069684,1.0130013913795668,0.9033162073797291,39.17053,29.50819672,43.61,21.73611,6.260003686402359,,11.8,15.19639,46.65349,41.34,38.10295868,365.0,21.0,1.3,79.5197,,0.181,42.0,15.0,19.642,29.50819672,93.69974565,92.49715395,46.712,64.568
Armenia,51,yes,no,0.776,75.09,13.06861,11.30174,13894.01302,72.0,0.9820915997742171,1.0,0.7661304804028459,0.7801008384339906,78.516,71.327,13.60293,12.5846,11.29839,11.30585,9737.422415077495,18574.00571903685,99.87416,99.82128,97.22247,38.02129,92.71525,83.15068,54.57048,5.56343,94.88719,2.70759,91.43229,6.429218884,-1.31441,1652.0,64.7449,63.4366,12.009465167590406,44.023,41.6,15.41859,100.0,100.0,,,,38.668,100.0,86.0,48.0,1.11,1.0842889513208962,0.9996083346219901,1.0376230902406234,1.3836091307475964,1.001197450132638,1.0338334628489452,43.909,23.48484848,9.04,21.65833,4.9551984405707845,1.1653290529695024,5.3,10.15968,39.81053,,40.90643692,140.0,8.2,,79.9449,3.403877,0.245,54.0,26.0,21.49,23.48484848,97.26805434,97.15172,47.074,65.887
Australia,36,yes,yes,0.944,83.44,21.95433,12.72469119,48084.84207,7.0,0.9762035605125557,1.0,0.9318109561617719,0.9545252587201428,85.403,81.492,22.43083,21.48273,12.79604116,12.65123522,39286.57417328427,56953.61353311733,,,90.98537,164.55399,100.33898,150.31148,113.14216,,,5.27163,45.68621,29.95361938,20.71761,9246.0,86.545,86.1214,15.186592894658602,36.778,38.4,,100.0,100.0,502.6317243,491.3600252,502.9645628,10.634,100.0,,76.0,1.06,0.9609258025909253,0.9999020367584391,0.8877836038718873,0.8529434397845326,1.0008857048231163,1.021668264621285,46.94679,36.56387665,33.92,,,1.05635838150289,,10.234,32.07578,,99.19509125,,22.8,10.0,78.94,6.912926,0.097,25.0,6.0,11.715,36.56387665,91.02507,90.94452,60.3,70.855
Austria,40,yes,no,0.922,81.54,16.09207,12.5461436,56196.89869,18.0,0.963932404178508,2.0,0.9027274536729487,0.9365049351590997,83.866,79.169,16.38729,15.81279,12.23973506,12.87223858,39385.87800432889,73527.75414800868,,,99.96717462,104.38375,103.11315,100.45521,85.05714,0.44908,99.61254,5.5007,107.7247,19.87534034,12.7319,30816.0,87.7105,85.6636,14.069385789556875,51.697,72.7,10.01653,,,484.3925685,498.9423138,489.7804392,7.385,100.0,99.0,97.0,1.06,0.9896136673138445,0.9972733145504257,0.9595460526598276,0.8929788684389912,1.0021340031720474,0.9504598662207357,46.67134,38.52459016,23.09,18.32865,1.9159722106073023,0.988,,14.28622,25.9026,32.01,98.37577057,112.0,13.0,4.0,87.6045,21.73228,0.069,14.0,5.0,7.34,38.52459016,100.0,99.78705411,55.059,66.573
Azerbaijan,31,yes,no,0.756,73.01,12.89364,10.57543,13783.67995,88.0,0.9427321413710316,3.0,0.7296549712857238,0.7739790967820127,75.455,70.511,13.00958606,12.79102352,10.24592,10.93251,8919.23823824371,18663.688196437346,99.91311,99.96065,95.64132,39.71233,99.7221,94.48008,27.7085,5.58613,96.41643,2.47382,86.04388,2.526812556,-18.6701,2633.0,79.8,75.9826,11.25011936885356,34.46,48.2,15.42982,53.6,61.7,389.3883339,419.6431128,397.6495811,55.231,100.0,74.0,,1.13,0.9896753805729552,1.0054638974608912,1.0011795222733582,1.236609186632077,0.9630889031018834,1.3410245554614733,44.14604,16.80672269,35.0,25.41667,2.859375017578123,1.5103011093502376,11.0,14.57239,35.09903,,27.71962547,126.0,13.5,,93.3,2.371953,0.323,73.0,26.0,55.838,16.80672269,93.9019,97.50076,63.411,69.737
Bahrain,48,yes,yes,0.852,77.29,16.25482,9.5192,42521.70451,41.0,0.9217169324821973,4.0,0.805511835617748,0.87392539643217,78.423,76.436,16.6709,16.09411,9.08769,9.72027,19059.247863402634,55564.603111811884,99.30134,99.97614,72.34712,53.66259,99.36305,98.59907,50.4819,2.7639,98.21914,2.32721,151.4049,45.16047069,-0.50331,12045.0,98.6434,98.5041,13.561317290508546,9.257,17.4,11.92315,100.0,100.0,,,,1.081,100.0,99.0,96.0,1.04,1.034321126986806,0.9878741947707463,1.0613525629752856,7.8082802547770696,0.9155587209865383,19.753333333333334,19.78424,18.75,13.33,,,,,10.46481,41.21339,,75.40673828,60.0,,,19.27,1.612034,0.212,49.0,14.0,13.368,18.75,68.06703,74.3448,44.96,87.174
Belgium,956,yes,no,0.931,81.63,19.77438,12.05027,52084.59209,13.0,0.9738078064627926,2.0,0.9179405118829523,0.9426300608712825,83.882,79.32,20.72962,18.83843,11.93601,12.17293,41948.318533633,62427.38621331777,,,86.59634993,115.14532,103.90557,158.54185,79.66173,,93.31459,6.54513,163.2932,17.17534158,5.69254,9119.0,88.6551,87.2604,14.355610916943473,30.709,55.8,11.27695,100.0,100.0,492.8644387,508.0703063,498.773127,10.189,100.0,100.0,97.0,1.05,0.99793816275509,1.0009925355701907,1.1206666247661212,0.7405490549054905,0.9585949018729745,0.8592939601806926,46.59203,43.33333333,39.03,15.90278,1.5793112625925572,1.0,,7.22535,25.83196,31.88,98.81755066,105.0,24.0,8.0,85.6118,18.34235,0.043,4.0,5.0,4.651,43.33333333,84.72241,88.38187,48.608,58.699
Bosnia and Herzegovina,70,yes,no,0.78,77.4,13.8,9.81787,14871.81114,76.0,0.937114942029348,3.0,0.7525972148013214,0.8031002186045092,79.857,74.893,14.07886364,13.52113636,8.85433,10.85816,10566.53285490034,19356.56489262266,99.66747,99.65765,81.36289,,,,,6.06509,94.97269,,95.88062,1.082550742,-5.68706,1053.0,70.1201,68.3368,12.995015639381757,21.616,34.9,16.92651,,,402.9778213,406.3844079,398.4976628,16.154,100.0,89.0,22.0,1.07,,,,1.2591360299172327,0.8283870209329858,1.252953108220976,37.92475,21.05263158,18.59,,,,3.5,16.1154,44.49518,25.43,54.7417984,365.0,11.0,1.0,83.5895,,0.149,38.0,10.0,9.642,21.05263158,73.99215,89.32075,35.387,58.05
Bulgaria,100,yes,no,0.816,75.05,14.41442,11.36009,23324.6574,55.0,0.9946854591719437,1.0,0.8130032114518209,0.8173470356434387,78.665,71.55,14.64193,14.20139,11.46954,11.23978,18453.147437628228,28482.73511572628,97.65106,98.06693,95.49784429,76.96318,89.33377,98.18347,71.03066,5.52786,46.67097,4.07685,123.7231,2.407330504,-4.4742,9273.0,64.782,63.4094,11.951362534446952,40.332,74.5,15.20744,,,419.8440061,436.0405711,424.0735829,7.794,100.0,97.0,64.0,1.06,0.9831603044325821,0.993885056927341,0.9734732924200501,0.8809040857722399,0.9793895548260407,0.8522654069143225,47.48169,25.83333333,27.15,18.47222,2.0,1.0,,12.4616,36.87189,39.25,73.63685608,410.0,23.0,6.0,87.894,7.377012,0.206,48.0,10.0,39.86,25.83333333,94.43896,96.42635,49.239,61.983
Canada,124,yes,no,0.929,82.43,16.15789,13.36610479,48527.03573,14.0,0.9855929026542676,1.0,0.9215525045584151,0.935023478838588,84.391,80.447,16.66986,15.66355,13.41614,13.31281,39459.204895532974,57733.57500352735,,,100.0,,100.94368,113.76286,68.92251,,,,64.97671,21.27889391,9.87913,21134.0,91.0,,14.273897077836873,26.102,25.2,,,,520.0855209,512.0169429,517.9976609,10.691,100.0,99.0,82.0,1.05,,0.9975925774204543,1.0130385076324224,0.8224465558194775,1.0,0.9018163125428375,47.78828,33.18284424,26.6,14.58333,1.5217393119093259,1.0,,11.63188,31.4295,,99.85279846,105.0,,,91.9557,13.06508,0.08,19.0,10.0,8.387,33.18284424,100.0,100.0,60.836,69.422
"Canada, Ontario",9132,yes,yes,0.929,82.43,16.15789,13.36610479,48527.03573,14.0,0.9855929026542676,1.0,0.9215525045584151,0.935023478838588,84.391,80.447,16.66986,15.66355,13.41614,13.31281,39459.204895532974,57733.57500352735,,,100.0,,100.94368,113.76286,68.92251,,,,64.97671,21.27889391,9.87913,21134.0,91.0,,14.273897077836873,26.102,25.2,,,,520.0855209,512.0169429,517.9976609,10.691,100.0,99.0,82.0,1.05,,0.9975925774204543,1.0130385076324224,0.8224465558194775,1.0,0.9018163125428375,47.78828,33.18284424,26.6,14.58333,1.5217393119093259,1.0,,11.63188,31.4295,,99.85279846,105.0,,,91.9557,13.06508,0.08,19.0,10.0,8.387,33.18284424,100.0,100.0,60.836,69.422
"Canada, Quebec",9133,yes,yes,0.929,82.43,16.15789,13.36610479,48527.03573,14.0,0.9855929026542676,1.0,0.9215525045584151,0.935023478838588,84.391,80.447,16.66986,15.66355,13.41614,13.31281,39459.204895532974,57733.57500352735,,,100.0,,100.94368,113.76286,68.92251,,,,64.97671,21.27889391,9.87913,21134.0,91.0,,14.273897077836873,26.102,25.2,,,,520.0855209,512.0169429,517.9976609,10.691,100.0,99.0,82.0,1.05,,0.9975925774204543,1.0130385076324224,0.8224465558194775,1.0,0.9018163125428375,47.78828,33.18284424,26.6,14.58333,1.5217393119093259,1.0,,11.63188,31.4295,,99.85279846,105.0,,,91.9557,13.06508,0.08,19.0,10.0,8.387,33.18284424,100.0,100.0,60.836,69.422
Chile,152,yes,yes,0.851,80.18,16.44755,10.58295,23261.29726,43.0,0.9627589312244506,2.0,0.8325276348416307,0.8647311469578477,82.442,77.771,16.67013,16.23049,10.47589,10.7104,16397.96495008529,30321.884984345852,99.01156,99.00582,79.64660737,81.76367,101.43016,101.83142,88.46442,0.45466,99.25933,5.40274,56.76179,4.959846535,-0.90993,5723.0,82.3275,80.7228,13.63863310222192,25.912,20.6,17.79358,,,452.2725542,417.4065563,443.5825634,22.694,100.0,99.0,77.0,1.04,0.9818317840929351,0.9715771610933113,1.0038111570079213,1.1679030522679654,0.9587462153212107,1.1595904847937368,43.83626,22.72727273,24.86,22.10355,2.243113428509959,1.593959731543624,,6.7635,18.82858,28.29,71.27378845,126.0,,,71.2648,7.432401,0.247,55.0,13.0,41.052,22.72727273,77.77333,81.11983,51.798,73.975
Croatia,191,yes,no,0.851,78.49,15.22672,11.44932,28069.84837,44.0,0.9900189694790634,1.0,0.8484817587070592,0.8570358597810712,81.59,75.296,15.95024,14.53507,11.09893,12.17293,23775.240506791688,32688.748476732333,99.73572,99.71204,95.84457776,70.04889,96.47103,99.40242,67.86556,2.95915,96.63524,4.55695,102.8498,12.54345927,-5.26118,16645.0,72.6888,70.8541,13.28284095879666,29.996,55.4,13.50611,,,478.9891523,464.2042728,472.3626195,7.271,100.0,90.0,58.0,1.06,0.9836173345620438,1.0012382165615668,1.0485849125581352,1.5390700233869858,0.971286977339089,1.5860550458715597,46.26877,20.52980132,26.39,,,,,17.62704,38.91309,24.27,82.69694519,208.0,13.0,3.0,91.7963,6.733148,0.116,29.0,8.0,8.681,20.52980132,94.62314444,97.42037796,45.446,57.49
Cyprus,196,yes,yes,0.887,80.98,15.16887,12.17123,38206.84049,32.0,0.9790503054886733,1.0,0.8764220739241164,0.8951757320443998,83.032,78.921,15.39407,14.94421,12.07645,12.26718,31880.869915379466,44532.59995158062,99.83831,99.80454,81.77329,83.71259,99.30669,100.33255,75.94081,1.24364,93.10108,6.29136,142.643,16.01251486,-51.17312,3939.0,84.4336,84.5601,13.49806818028535,19.509,34.0,12.03922,,,424.3582471,450.6829941,439.0082497,11.06,100.0,100.0,75.0,1.07,0.9883987828277897,1.0010818669408443,0.9843987401177317,0.8402569088444994,0.9542979505019914,1.2403787416004888,46.2347,17.85714286,,,,0.768,,8.94746,38.26274,26.99,90.01422119,126.0,15.0,2.0,84.9979,9.056131,0.086,21.0,6.0,4.582,17.85714286,79.93714,83.76539,57.835,68.346
Czechia,203,yes,no,0.9,79.38,16.78511,12.72238228,38108.56662,26.0,0.9854316655027545,1.0,0.8925294838935959,0.9057243796181838,81.944,76.76,17.52742,16.07821,12.54734683,12.90645352,29480.47924220943,47012.12446856166,,,99.97742903,106.41897,100.67099,103.49158,64.07869,0.51565,95.46067,5.58738,144.8765,4.796472779,8.81394,10611.0,80.6882,78.675,13.66043323865378,41.208,66.2,18.93175,,,490.2188148,499.4676508,496.7913106,13.681,100.0,98.0,94.0,1.06,0.9695781195089824,1.0056037469604453,1.0071518725972033,1.0963168187744459,1.0008419191030953,1.5213784301212507,45.01232,20.6405694,27.06,,,1.0,,13.86285,35.56827,26.61,78.58478546,196.0,21.0,4.0,95.3939,12.7095,0.136,36.0,3.0,11.972,20.6405694,99.98682,99.90271,52.939,68.548
Denmark,208,yes,no,0.94,80.9,18.89342,12.61380326,58661.87084,10.0,0.9825656024202176,1.0,0.9310091587903512,0.9475287517669307,82.865,78.946,19.55325,18.25409,12.83248399,12.39449532,49296.29514256886,68133.62253042427,,,90.94939381,95.91547,101.26809,129.07748,80.61602,0.22989,99.70299,7.63485,105.0017,12.52414293,9.05599,12749.0,97.6443,97.4618,13.81837636081239,40.099,26.0,10.73738,100.0,100.0,501.1299337,509.3983746,492.6370334,4.895,100.0,97.0,95.0,1.06,0.9888300451989084,0.9935870453314958,1.010911859917461,0.8948435689455387,1.0029498096636111,1.114831508907491,47.83098,39.10614525,33.33,15.625,1.3888888888888888,1.0224948875255624,,12.74708,34.24926,26.63,100.0,126.0,32.0,11.0,79.6615,15.49393,0.038,2.0,4.0,4.123,39.10614525,91.15192,90.88383,58.248,66.285
Egypt,818,no,yes,0.707,71.99,13.32624,7.434,11466.14512,117.0,0.8823332278842357,5.0,0.652050925257035,0.7390075593328846,74.35,69.742,13.31444,13.33763,6.78,8.082,4752.9076273667615,18039.470400234823,86.81055,89.48338,72.95913,28.70762,106.28493,87.91114,35.16452,2.98073,92.3208,,48.27827,0.502104468,0.70563,11196.0,46.9243,41.2807,11.97815430302761,4.521,14.3,23.67945,47.6,49.1,,,,20.721,100.0,,61.0,1.06,0.9957863977228959,1.0039204126722399,0.9865933151913497,1.5489995839479558,1.0133947066100304,3.05939226519337,17.43754,14.93288591,,22.36111,9.1999827200316,,17.4,7.73353,36.89891,,26.9944191,90.0,25.6,,57.196,3.772576,0.449,108.0,37.0,53.819,14.93288591,73.50696,72.53537,21.933,70.858
England,926,yes,yes,0.932,81.32,17.49843,13.24287,46070.64481,14.0,0.9699238256280696,2.0,0.9159521804260728,0.944354758821346,82.999,79.613,17.98136,17.01851,13.24347,13.24225,33322.8166645938,59134.68614066317,,,78.79872144,106.38731,101.15456,125.85187,59.99557,0.24553,,5.48697,64.25368,14.14495139,16.46796,36316.0,94.8967,95.2607,14.753650435690846,28.117,24.6,15.13275,,,503.9281094,501.7698992,504.6674736,12.998,100.0,100.0,98.0,1.05,0.9980159728832099,0.9971326745872438,1.0292982136582127,0.6615281998073075,0.9836078489053186,0.873229115779189,47.17566,28.90896456,34.25,12.65278,1.8165500884386558,1.0,,17.5272,38.10313,34.91,96.07344055,42.0,29.0,7.0,84.3688,8.386448,0.118,31.0,7.0,13.37,28.90896456,78.00672324,79.30673116,57.647,68.11
Finland,246,yes,yes,0.938,81.91,19.39712,12.82413,48511.3978,11.0,0.9899190976379478,1.0,0.9324888493432365,0.9419849072194425,84.718,79.091,20.20295,18.62983,12.99106,12.64766,40758.7551517039,56485.02918287682,,,100.0,83.58174,100.15464,153.96358,88.19783,0.19134,99.85605,6.89735,79.46667,6.925256627,4.48993,3224.0,88.89,87.6452,14.081805662474068,38.118,36.1,13.66688,100.0,100.0,520.0787482,507.3013618,521.884563,9.585,100.0,100.0,99.0,1.05,0.9963936139401703,0.9948693591335067,1.1004131251092666,0.769239118636709,1.0,0.9161816065192084,48.96463,47.0,39.05,14.52917,1.4596063760213058,1.0,,12.39173,27.40048,36.76,99.58627319,147.0,30.0,11.0,90.5192,11.42543,0.047,7.0,3.0,5.813,47.0,100.0,100.0,55.542,62.773
France,250,yes,yes,0.901,82.66,15.64217,11.4795,47172.53748,26.0,0.987152994137522,1.0,0.8949895448103902,0.9066371171698109,85.486,79.716,15.97014,15.31928,11.26852,11.71352,39477.530000538514,55375.44630588238,,,84.02119,105.98598,102.51076,103.76003,65.629,,99.76307,,64.52273,12.79734348,6.67242,89322.0,82.0435,80.4143,13.714338225444845,32.672,59.1,18.1766,98.0,98.6,492.6064792,495.4075794,492.9770739,7.428,100.0,98.0,88.0,1.05,1.0004461940721494,0.9944020913697919,1.0060075351301423,0.8598785385444215,0.941542123556137,0.9857395403653508,48.64317,36.86486486,40.4,15.77314,1.6612678311131333,1.0,,14.48866,31.80564,34.24,91.28713226,112.0,26.0,9.0,85.735,,0.049,8.0,8.0,4.727,36.86486486,81.69858,86.77103016,50.752,59.906
Georgia,268,yes,yes,0.812,73.77,15.27506,13.13296,14428.79984,63.0,0.9795443902116027,1.0,0.8000559453284734,0.816763337448795,78.14,69.349,15.53048,15.04899,13.16372,13.09626,9475.46215876198,19863.700141291753,99.49365,99.76825,97.95188,,98.63084,105.97872,63.9155,1.04408,98.39146,3.84974,116.8685,1.977474282,-2.31819,4757.0,63.9686,62.583,12.143258429300586,71.201,28.9,8.98194,100.0,100.0,379.7525406,397.5863553,382.6636063,49.084,100.0,80.0,27.0,1.07,,1.0115335980854339,1.01429327696664,1.2062642169728786,0.9865719426524109,0.8237927726255198,43.86098,14.76510067,13.46,,,0.9181166837256909,13.9,16.53543,38.67785,,63.61225891,183.0,6.0,2.7,93.4484,5.635334,0.331,76.0,25.0,46.408,14.76510067,97.22793,98.55128227,57.423,80.841
Germany,276,yes,no,0.947,81.33,16.97719,14.15168,55314.35355,4.0,0.9718804772078216,2.0,0.9327163495784005,0.9597027324368752,83.728,78.944,16.91137,17.03992,13.88232,14.43136,45277.165277536296,65599.45133535868,,,96.08825,109.1274,104.02236,98.40928,70.24665,3.51825,,4.80093,88.09866,15.72391121,4.42081,38881.0,89.7391,84.1628,14.134628306713825,42.488,80.0,12.30285,,,498.2792569,500.0437805,502.9889033,5.62,100.0,100.0,97.0,1.05,0.9904709488534984,1.002567930219752,0.9392192989550805,0.7970189248032156,0.9951313850222351,0.8058629973078073,46.67691,31.61953728,27.52,15.9,1.59,1.0,,19.16309,27.55567,28.59,99.19924927,98.0,22.0,7.0,87.3212,13.38897,0.084,20.0,7.0,8.095,31.61953728,95.85821,96.32719,55.275,66.565
Hong Kong,344,yes,yes,0.949,84.86,16.92947,12.27996,62984.76553,4.0,0.9723231390489695,2.0,0.9328290182028115,0.9593816918881646,87.747,81.971,17.14543,16.75865,11.90943,12.74265,45960.59933658365,82992.88075474797,,,79.40018,106.40481,108.61767,107.48979,76.92223,1.30122,98.97154,3.32259,352.8222,39.56687825,-0.69727,29263.0,89.4159,88.0177,,,,13.34788,99.2,95.2,524.2831172,551.1542742,516.6861296,5.717,100.0,,,1.08,1.0528315828820716,1.0447807277999692,0.9699301342984431,0.8256522134351423,0.9297635026671862,0.7898246480612496,49.65344,,,10.83333,3.25000225000225,,,,,,94.7024231,70.0,,,76.98,,,,,2.705,,77.0914338,82.9151,53.984,67.507
Hungary,348,yes,yes,0.854,76.88,15.20418,11.96329,31328.80599,42.0,0.9807894581244346,1.0,0.8442751144582097,0.8608117751109585,80.289,73.244,15.52508,14.89364,11.74955,12.21046,23170.165248187714,40316.33240913051,99.0,98.69,97.37776958,82.28416,100.80547,103.48996,48.50038,2.6253,96.63826,4.71078,162.9805,5.287144778,5.69755,17552.0,76.0744,74.8465,12.817980570155928,34.075,70.1,10.76744,100.0,98.7,475.9866722,481.0826364,480.9116939,6.024,100.0,90.0,96.0,1.06,0.9644829436873336,0.9941892361093937,1.0014533402361354,0.8439848037146475,0.9792667000137613,1.0447313119183428,46.48881,12.56281407,30.51,16.57483,2.1648842379137485,1.0,,12.17252,31.6804,35.9,72.15751648,168.0,21.0,3.0,88.824,11.58265,0.233,51.0,12.0,23.979,12.56281407,96.40590548,98.44703744,48.469,65.503
Iran,364,yes,yes,0.783,76.68,14.81373,10.34749,12446.66645,70.0,0.8655538720919798,5.0,0.7093174308169157,0.8194954163887544,77.885,75.593,14.5749,15.04388,10.27779,10.40977,4083.6031816690056,20636.86061401429,97.92513,98.26797,70.15283767,53.86047,110.70754,86.31149,68.11609,4.04544,94.3111,3.95536,48.78064,3.23493866,-0.78358,7295.0,70.0046,66.1502,14.05791697803538,15.844,15.6,28.52479,10.6,36.3,,,,41.425,100.0,92.0,,1.05,1.0314652107458238,1.0574787634924567,0.9630591479563511,1.7890758455756748,0.92472364050956,1.9264370201286574,17.32858,5.882352941,3.2,21.04167,4.040003225602065,0.0967741935483871,16.7,31.53651,31.16248,,91.61125946,270.0,,,17.98,4.009445,0.459,113.0,16.0,40.635,5.882352941,67.35319,72.83602046,17.541,71.509
Ireland,372,yes,yes,0.955,82.31,18.70529,12.6663305,68370.58737,3.0,0.9810242976135434,1.0,0.9430427884882875,0.9612838242460963,83.909,80.667,18.79073,18.62423,12.89739912,12.42200863,55540.14540196465,81400.50775398177,,,81.11964622,163.43983,100.85278,125.30712,77.78062,,99.41767,3.71973,239.2151,17.07250084,2.23969,10926.0,84.5223,85.7,14.224411117098201,33.125,29.7,16.06046,,,518.0784592,499.632894,496.1135617,10.61,100.0,97.0,82.0,1.06,0.9882025259905524,0.9969314156446714,0.9842584850436008,0.6854649648345923,1.0247705987460376,0.9088080886642039,47.50652,24.31192661,23.92,,,0.6115427302996671,,14.10374,29.00194,31.26,95.30703735,182.0,15.0,5.0,85.047,33.49423,0.093,23.0,5.0,7.515,24.31192661,81.92398,79.94372604,55.973,68.365
Israel,376,no,yes,0.919,82.97,16.16283,13.0348541,40186.84583,21.0,0.9733183592157605,2.0,0.904138952277615,0.9289241733877434,84.505,81.331,16.76587,15.58872,13.05982,13.02647,29665.372638662826,50819.35830616068,,,89.27876052,110.79816,104.90112,105.08456,63.35469,1.42068,97.92609,5.8493,58.46463,22.96348665,-0.95742,4121.0,81.5812,80.2276,13.472446921805503,46.249,29.8,12.07069,85.0,85.0,470.415178,463.0345488,462.1966328,8.268,100.0,99.0,94.0,1.05,0.9993482103302889,1.0090078307357744,1.0169950709611952,1.1568249258160237,0.9696684700971162,1.0185523909067156,47.61032,23.33333333,17.13,,,,,,,34.84,93.70038605,105.0,,,90.3235,2.845188,0.109,26.0,3.0,9.607,23.33333333,87.94330874,90.69420266,59.693,68.547
Italy,380,yes,yes,0.892,83.51,16.0889,10.37955,42776.35692,29.0,0.967767104697158,2.0,0.8753458332463552,0.9045005032696125,85.539,81.325,16.41448,15.78341,10.17920413,10.59922043,31638.919311589943,54529.25129868711,99.95,99.92,79.7274824,93.95802,101.87936,101.27041,61.933,0.24517,99.18309,3.82926,60.13943,10.3612126,1.26806,61567.2,74.3872,71.7819,14.273284335610592,39.774,31.4,11.48066,70.0,88.3,476.2846793,486.5898573,468.0117273,16.866,100.0,95.0,96.0,1.06,0.9769981672076992,0.9699882952445962,0.9929784419894071,1.1881886293521373,0.9105424509425766,1.1803528642997168,42.72882,35.26315789,31.78,20.4,2.4285714285714284,0.825,,15.72159,39.52253,23.27,91.62443542,150.0,19.0,5.0,69.9714,9.487782,0.069,14.0,2.0,5.24,35.26315789,75.89580065,83.35229244,40.759,58.997
Japan,392,yes,yes,0.919,84.63,15.23057,12.85,42931.69575,20.0,0.9775654704353921,1.0,0.9057559686513178,0.926542514076227,87.669,81.497,15.18894,15.2722,13.062,12.638,30583.929660183538,55869.37695070036,,,93.76192708,,,,,0.02326,99.95361,3.18618,36.81651,1.96979747,3.4416,31192.0,84.5881,89.7307,12.92327959299061,24.115,129.8,15.66096,,,503.856041,526.9732502,529.1354334,8.307,100.0,98.0,99.0,1.06,,,,0.7329236587095249,1.0324416293437029,0.8915211970074812,44.30943,14.50704225,12.87,14.44444,4.727264396706333,,,,,,98.06467438,98.0,,,99.91,14.91269,0.094,24.0,5.0,3.78,14.50704225,95.27327069,92.27957105,52.738,71.28
Jordan,400,no,yes,0.729,74.53,11.3787006,10.518,9858.487276,103.0,0.8748292952354352,5.0,0.6635184666549147,0.7584547868579866,76.306,72.839,11.63216428,11.12515586,10.31,10.726,3323.6458286672537,16233.916224885066,99.49391,99.19612,84.15676617,27.13668,81.4589,63.11653,34.41532,4.10297,86.4684,3.58851,87.61716,33.13011659,5.19964,4150.0,66.7903,,13.115081705224007,23.237,14.7,18.53699,12.7,73.6,419.0636608,399.7619093,429.2520738,9.202,98.89148,94.0,81.0,1.05,0.992076409460149,0.9819269178172191,1.0331469042738044,1.8531840401638262,0.9545683463914844,1.823115970324092,16.64676,15.38461538,31.85,,,0.2007434944237918,9.7,,,,26.61338997,70.0,19.0,,,2.408983,0.45,109.0,46.0,25.877,15.38461538,82.15009517,86.05994058,14.386,63.742
Kazakhstan,398,yes,yes,0.825,73.6,15.61293,11.8949,22857.46082,53.0,0.9802664241755157,1.0,0.8070648346015826,0.8233117188323472,77.669,69.23,15.7794,15.11553,10.85906734,11.92241205,16791.133203029807,29295.812776564162,99.85091,99.94014,99.45866,62.48212,104.37133,113.22753,61.74976,0.83007,98.4866,2.75095,64.4315,19.97450654,-11.30445,8789.0,78.9039,77.8547,12.20377003202745,39.8,60.6,17.21457,,,386.9092746,423.146133,397.1048352,23.154,100.0,90.0,,1.07,1.0192219124406356,1.0180112177230476,1.0097837926816338,1.0872591006423984,0.996404190935936,1.3038701622971287,48.56214,22.07792208,22.19,17.91667,3.0352935396541967,,7.0,14.12977,31.63234,,60.28655243,126.0,16.5,1.5,80.8,6.64625,0.19,44.0,10.0,29.75,22.07792208,99.29102,99.64934,62.675,75.529
Kosovo,411,yes,no,,,,,,,,,,,,,,,,,,,,,,,,,,,,,,,,,,,,,,,,,,,,,,,,,,,,,,,,,,,,,,,,,,,,,,,,,,,,,,,
Kuwait,414,yes,yes,0.806,75.49,14.24582,7.275667996,58590.08219,62.0,0.9832069529957371,1.0,0.7930800996271221,0.8066258046799641,76.58,74.76,15.24291,13.24873,7.9741,6.83248,31697.753687751327,75839.6455778024,99.50355,98.77679,51.52655,62.45247,92.36027,97.82772,54.36414,7.23455,94.11783,,100.4876,72.13656113,,8508.0,99.6,99.7875,13.771539274375966,26.463,20.4,8.88073,,,,,,1.083,100.0,100.0,100.0,1.05,1.0540464854402867,1.1030170102023091,1.0635674589830268,2.922548531607765,1.1524150549696146,5.186854460093897,24.68707,4.615384615,,,,,,,,,73.4630127,70.0,,,,,0.242,53.0,12.0,8.194,4.615384615,56.56559,49.08439,49.683,87.512
Latvia,428,yes,no,0.866,75.29,16.16769,13.03085,30282.39353,37.0,1.035955000686093,2.0,0.8792878734840571,0.8487703354892074,80.012,70.233,16.84802,15.5158,13.44749688,12.55110471,25757.886473601397,35584.27549062458,99.86,99.78,100.0,95.61825,99.36784,110.72325,88.05743,3.56049,97.74502,4.71957,119.7301,12.4435228,1.00466,1946.0,83.5772,83.9624,12.583590900374809,31.905,54.9,11.53684,100.0,100.0,478.6986742,496.1263306,487.2505882,7.143,100.0,95.0,86.0,1.07,0.9938806306935702,1.0019330320731221,0.9901520948841694,0.7496020836347852,1.0,0.7602268124746862,51.96999,30.0,34.01,,,1.0,,10.24201,31.133,43.54,92.54244232,112.0,32.0,7.0,92.5467,7.441581,0.176,41.0,19.0,16.171,30.0,100.0,100.0,55.721,68.383
Lebanon,422,no,yes,0.744,78.93,11.28587,8.718636,14654.53395,90.0,0.8921468975490517,5.0,0.6907951375619129,0.774306495331316,80.869,77.14,11.11914,11.4526,8.4842,8.9158,6078.497812541329,23124.196533914244,99.83898,99.66274,54.884196,,,,,14.51591,83.47173,2.43467,63.61167,27.18715034,1.23938,1964.0,78.1808,,13.835244609550534,21.038,27.3,12.48274,89.9,94.0,353.3553166,393.4500545,383.7169937,26.882,100.0,48.0,22.0,1.05,,,,1.3203382453522354,0.9775371030234111,1.9575985734099468,23.31316,4.6875,3.97,,,,6.1,18.02627,43.25716,,32.90546417,70.0,,,,2.380549,0.411,96.0,29.0,14.5,4.6875,54.31374759,55.56182719,22.874,71.41
Lithuania,440,yes,yes,0.882,75.93,16.63731,13.07721,35798.67041,35.0,1.0299156308783952,2.0,0.8941914162315672,0.868218123332033,81.371,70.294,17.07771,16.21226,13.10024,13.048,30987.27641913539,41389.08703570246,99.86662,99.84547,95.88641947,88.18839,103.87475,108.40176,72.41746,1.5566,90.75077,4.00847,150.5807,4.247603028,-3.64603,2825.0,79.7226,79.8985,12.688551504697287,63.528,64.3,13.51703,,,475.8734797,481.1911884,482.0670127,9.152,100.0,92.0,91.0,1.06,0.9897306003176044,0.9997255716143059,0.95846285295462,0.859550986469121,0.9677819864375256,0.98515625,51.47251,21.27659574,29.36,,,1.0,,12.304,29.59471,38.59,81.01387024,126.0,24.0,5.0,96.4468,7.202519,0.124,34.0,8.0,10.854,21.27659574,94.29903,97.43829842,56.538,67.74
Malaysia,458,no,yes,0.81,76.16,13.67864,10.37283,27534.09856,63.0,0.9717958908380916,2.0,0.797492387438931,0.8206377439517278,78.317,74.234,14.03851,13.33979,10.27343,10.47029,20824.622581911368,33877.30486654911,97.01853,96.69582,74.72540548,99.22442,105.2916,81.99226,45.12539,3.62044,92.18836,4.53477,123.091,10.73678855,3.00354,25832.0,81.2017,78.7267,12.514057947949164,15.358,18.8,11.6556,97.2,96.3,414.9795142,440.2075366,437.6180737,21.789,100.0,93.0,89.0,1.06,1.0240281448346435,1.0132850885720364,1.084278005542867,1.1253728560775542,0.9434758118986191,1.2202283849918434,39.93674,15.51724138,,,,,,26.19804,34.16717,,82.47853851,60.0,,,66.8,7.702459,0.253,59.0,29.0,13.414,15.51724138,72.19998,76.52552306,50.748,77.102
Malta,470,yes,no,0.895,82.53,16.10407,11.32613,39554.52078,28.0,0.965690318755337,2.0,0.8773965289810337,0.9085692503492179,84.263,80.699,16.54657,15.69361,11.05503,11.59871,29367.740809772848,49686.441085377046,99.56088,99.05695,82.17869,107.71926,104.99837,104.75412,54.25992,6.19334,99.26904,5.20455,261.0121,19.29028185,0.75024,2599.0,81.4031,81.4792,13.938378910888316,28.598,44.9,12.93931,,,448.2347604,471.7244151,456.5903228,9.809,100.0,100.0,93.0,1.06,0.9886225639217929,1.0019338297713123,0.9984297127124018,0.5826338639652677,0.9197712558073008,1.155541947336191,40.96937,14.92537313,26.29,,,0.428,,10.30641,27.84946,30.01,96.96466064,126.0,15.0,5.0,63.4538,29.45122,0.175,40.0,6.0,12.879,14.92537313,78.70788,85.57332,46.047,67.06
Montenegro,499,yes,no,0.829,76.88,14.99968,11.58926489,21399.24713,48.0,0.9661920538769245,2.0,0.8142015728441213,0.8426912326354487,79.303,74.441,15.37342,14.6553,10.93444252,12.29348194,17517.90711762671,25367.787479649596,98.97,99.23,91.618581,69.3313,100.00255,89.87782,56.08097,0.90129,98.09353,,109.4539,11.30071164,,2077.0,71.5173,71.7128,12.350597425744835,27.557,38.6,,,,421.0575734,429.6115428,415.1722314,13.257,100.0,94.0,,1.07,0.9024436920804446,0.9549221216112285,1.013840414628937,0.8088186606471031,0.8958811800807892,1.1057996485061512,43.56062,28.39506173,27.77,,,,5.8,,,28.2,67.57224274,45.0,17.0,1.0,92.0116,,0.109,26.0,6.0,9.313,28.39506173,87.96299899,98.18601054,46.484,62.778
Morocco,504,yes,yes,0.686,76.68,13.72117,5.648,7368.360268,121.0,0.8346114320282836,5.0,0.6121883175012319,0.7335009970010642,77.895,75.423,13.28992,14.1454,4.684,6.638,2974.8406331816655,11831.241566373561,97.4,98.04,32.39562931,50.8886,113.87658,80.2262,35.93593,7.01331,78.80116,,87.46319,0.270274798,-3.07422,12289.0,64.8039,61.1112,12.978829600601394,7.308,10.0,26.80065,79.0,89.5,359.3878861,367.7273526,376.5968892,47.538,100.0,70.0,39.0,1.06,0.8567176173555914,0.9603880540199305,0.9149717907994553,1.0442725025180846,0.8091280322695615,1.2147189176580357,16.80205,18.44660194,20.87,20.83333,6.976745665765829,,13.7,17.75364,45.3156,,16.80644608,98.0,,,18.68,3.375816,0.454,111.0,70.0,31.034,18.44660194,29.08900478,35.95105301,21.469,70.139
Netherlands,528,yes,no,0.944,82.28,18.48513,12.4148,57707.06867,9.0,0.965586666219649,2.0,0.9264806845968288,0.9595002882797425,83.952,80.592,18.79391,18.18601,12.16944,12.66969,46815.15237759871,68685.268775261,,,88.921,94.288,104.22962,135.57512,84.98045,,,5.4796,154.3223,13.3518959,8.89263,18780.0,94.7121,94.5693,13.605472859789213,36.054,31.7,11.80592,100.0,100.0,484.7837251,519.2309824,503.3838194,12.653,100.0,100.0,97.0,1.05,1.0018565245868227,0.9998600301179882,1.0136249221962836,0.8800888230940045,0.9696087881447114,1.1008513425016373,46.52989,33.77777778,31.79,14.72222,1.593984913562095,1.0030364372469636,,8.68194,29.29293,26.01,99.83270264,112.0,25.0,12.0,78.5842,13.56122,0.043,4.0,5.0,3.788,33.77777778,87.57493,90.31986,58.263,69.083
New Zealand,554,yes,yes,0.931,82.29,18.83857,12.78207732,40798.7196,14.0,0.9642864080198679,2.0,0.9118545920901724,0.9456263040797572,83.981,80.571,19.74466,17.91784,12.71496574,12.85611319,31232.963310135274,50692.96028665708,,,97.16536525,91.46968,99.97476,114.59004,82.03322,,,6.44277,55.94195,22.34423841,17.83445,3686.0,90.8111,82.1509,14.912251881050487,35.898,25.7,14.91552,,,505.7272834,494.489676,508.4907214,12.087,100.0,100.0,89.0,1.06,1.0114379898687849,1.0043334793429766,1.063792950628121,1.0665196618890114,1.0055455505223378,1.1950040290088637,48.42234,40.83333333,39.41,18.05556,1.7105260166206246,1.0,,12.93056,34.96016,,99.34078217,,,,82.18,13.34436,0.123,33.0,9.0,19.27,40.83333333,97.38831267,96.85121934,64.772,75.335
North Macedonia,807,yes,no,0.774,75.8,13.5852,9.812715,15864.63074,82.0,0.9520718901753507,2.0,0.7528507162081073,0.7907498624599123,77.846,73.794,13.78974,13.39142,9.408585467,10.23517865,11698.138832190134,20026.517663013867,98.5,98.76,49.925569,40.98351,97.12595,81.44688,42.45998,2.64567,95.99262,,137.2766,6.296020224,-3.9548,707.0,79.1678,77.3705,12.091033040001175,28.736,42.8,14.91335,,,392.6677695,394.4468299,413.0446737,19.028,100.0,81.0,17.0,1.06,1.028193073224779,0.9987514482747266,0.9731230667553045,1.0692802594413642,0.7251115901260134,0.9358326929410473,40.03833,39.16666667,,15.41667,2.846152710059871,,6.9,18.0068,47.38186,28.15,72.88609314,270.0,10.0,2.0,82.4474,,0.143,37.0,7.0,15.723,39.16666667,41.82646897,57.68280295,42.986,67.346
Northern Ireland,928,yes,no,0.932,81.32,17.49843,13.24287,46070.64481,14.0,0.9699238256280696,2.0,0.9159521804260728,0.944354758821346,82.999,79.613,17.98136,17.01851,13.24347,13.24225,33322.8166645938,59134.68614066317,,,78.79872144,106.38731,101.15456,125.85187,59.99557,0.24553,,5.48697,64.25368,14.14495139,16.46796,36316.0,94.8967,95.2607,14.753650435690846,28.117,24.6,15.13275,,,503.9281094,501.7698992,504.6674736,12.998,100.0,100.0,98.0,1.05,0.9980159728832099,0.9971326745872438,1.0292982136582127,0.6615281998073075,0.9836078489053186,0.873229115779189,47.17566,28.90896456,34.25,12.65278,1.8165500884386558,1.0,,17.5272,38.10313,34.91,96.07344055,42.0,29.0,7.0,84.3688,8.386448,0.118,31.0,7.0,13.37,28.90896456,78.00672324,79.30673116,57.647,68.11
Norway,578,yes,yes,0.957,82.4,18.06615,12.89775,66494.25217,1.0,0.9899386579617451,1.0,0.9489563520145097,0.9586011662261813,84.377,80.447,18.75945,17.41359,12.977,12.81661,58548.43907513327,74279.89501600877,,,94.92075574,95.36525,100.26021,116.87442,81.99235,0.8978,98.7565,7.9761,72.1465,16.13288846,-3.07912,5688.0,96.4917,97.0,14.555448508578761,29.164,35.3,8.59418,100.0,100.0,499.4509563,500.9637885,490.4131494,4.906,100.0,98.0,76.0,1.06,1.00352986689655,0.9991821553332586,0.9567176164004263,0.982683522787634,1.005616950597548,0.9438463776549317,47.53995,40.82840237,40.84,15.30833,1.2412162814098058,0.866,,10.88373,28.46429,32.75,100.0,,27.0,,84.2811,11.44775,0.045,6.0,2.0,5.141,40.82840237,95.3928,94.8599762,60.37,67.192
Oman,512,yes,yes,0.813,77.86,14.18214,9.731845912,25944.07218,56.0,0.9356256026877761,3.0,0.7682962791017042,0.8211578187841545,80.343,76.127,14.97261,13.70651,10.6469,9.3706,7959.235462523995,35201.07908152768,98.97943,98.35663,66.63262711,52.21419,103.39206,106.66599,38.03621,1.8595,98.35268,4.97011,100.6861,45.95442078,-9.31164,2301.0,80.1856,74.028,12.442214034162092,20.031,14.7,9.67394,100.0,100.0,,,,2.633,100.0,90.0,,1.05,1.0537960472723664,1.1006717294575192,0.923305933981129,3.724283750925045,1.1531506907414957,9.002267573696146,12.03726,9.88372093,3.47,18.88889,2.5185186666666666,,4.0,41.00775,55.73442,,63.52985382,50.0,,,,0.6989001,0.306,68.0,19.0,13.056,9.88372093,73.4094,63.65985,30.986,89.895
Pakistan,586,yes,no,0.557,67.27,8.27594,5.158944258,5005.034893,154.0,0.744749566275391,5.0,0.45595493714862756,0.6122258512065062,68.287,66.337,7.57943,8.92168,3.83113,6.25061,1392.5472468310693,8412.34548050613,67.53713,81.26352,37.31900721,83.14242,94.3282,42.67466,8.95842,29.59081,89.64781,2.89952,30.43821,1.50438585,,966.0,15.51,9.49437,13.146492525413112,9.801,6.3,44.0773,,,,,,55.483,54.39318,35.0,,1.09,0.8730249805232253,0.8444069768445264,0.852389665937544,0.9358419358419358,0.6038002218161239,1.344869021869743,11.01821,20.0,16.85,,,,18.3,,,4.22,7.025063992,112.0,24.5,,27.8274,1.539527,0.538,135.0,140.0,38.802,20.0,27.56918,45.65944,21.919,81.743
Philippines,608,yes,no,0.718,71.23,13.14836,9.393091398,9777.798117,111.0,1.0069199775633197,1.0,0.7197416002012795,0.7147952332249947,75.505,67.263,13.49941,12.81631,9.5668,9.2162,7843.035175906852,11694.19793233328,99.26673,98.90415,73.22,80.69254,107.50977,86.16291,35.47546,7.14464,88.52068,,68.6069,0.202124345,-0.23481,7168.0,60.0548,,12.681717846273388,6.004,9.9,29.08352,,,339.6915905,352.5670677,356.9333242,32.699,92.5148,47.0,52.0,1.06,0.959112247853579,0.9643941163056498,1.105884138393106,1.4360803454101747,1.0442837636966544,1.2433808553971488,43.57667,28.04878049,29.08,,,,16.5,17.77721,36.25297,29.31,38.85416412,105.0,14.8,,29.87,5.574449,0.43,104.0,121.0,54.154,28.04878049,75.59380536,72.38818412,46.1,73.258
Poland,616,yes,no,0.88,78.73,16.30117063,12.47232,31622.55302,34.0,1.0071102297898131,1.0,0.8801142643742882,0.8739006300809501,82.587,74.814,16.8762,15.32266,12.49645,12.44323,24826.791732612437,38850.140798084045,99.81581,99.77874,85.7883782,81.14455,100.0159,109.93363,67.82744,6.10564,98.6012,4.63931,106.2425,1.73138993,2.51625,19622.0,77.5417,77.304,12.784915775488004,23.788,65.4,10.18051,100.0,100.0,511.8556954,515.6478747,511.0355619,16.059,100.0,99.0,93.0,1.06,0.9870606941505731,1.0005757698984656,0.9674607780449255,1.0164105235738474,0.9394169284995181,1.018282066163668,45.22657,27.85714286,26.93,17.6375,1.840435422760147,0.995,,15.25344,43.36165,41.15,87.96221924,140.0,13.0,2.0,95.1002,5.761336,0.115,28.0,2.0,10.538,27.85714286,83.14769421,88.50989554,48.629,65.459
Portugal,620,yes,yes,0.864,82.05,16.53579,9.26347,33966.82756,38.0,0.9883174104291926,1.0,0.8582876104996814,0.8684331586620094,84.853,79.032,16.47511,16.59802,9.36642,9.14325,28937.20115733325,39571.33834895912,99.70156,99.62657,54.30303,93.88086,106.18313,119.91319,63.93581,,,4.88294,87.64121,8.685172685,2.35039,16186.0,74.661,73.0328,14.082686423083047,51.24,34.5,12.35346,100.0,100.0,491.8007851,492.4874062,491.6773285,11.848,100.0,95.0,85.0,1.06,0.9853416361367809,0.9668375063660711,0.9803026913227204,1.2099000475963826,0.9826925855546604,1.20947240118405,49.87154,38.69565217,,17.81135,1.7391518737672584,0.7719112988384371,,18.97023,37.76102,36.97,90.62212372,,19.0,1.0,56.5709,7.748872,0.075,17.0,8.0,8.38,38.69565217,53.86539,54.81408,54.195,64.082
Qatar,634,yes,yes,0.848,80.23,12.03595,9.73144,92418.23036,45.0,1.0296748037406314,2.0,0.8659822850362833,0.8410250322629229,82.01,79.142,14.09975,11.34201,11.28132,9.36681,45338.14106792162,107833.0288902143,96.11466,94.0699,68.15886188,60.26741,103.84244,,17.86992,3.80578,96.63074,2.86383,86.54736,78.73005829,14.42274,1819.3,99.6528,99.79,13.133575184079959,24.852,12.5,12.1676,100.0,100.0,407.0917923,414.2287179,419.1271549,0.144,100.0,96.0,96.0,1.05,1.0121674071250244,1.0102611276739784,,9.767857142857142,1.1487669927429474,11.675675675675675,13.76672,9.756097561,,8.19444,3.6875016875016873,0.35807860262008734,4.2,15.9292,47.57709,,61.56953049,50.0,,,43.87,4.21944,0.185,43.0,9.0,9.922,9.756097561,76.09473255,66.24035425,56.811,94.73
Romania,642,no,yes,0.828,76.05,14.25988,11.0708,29497.23164,49.0,0.9913810337527182,1.0,0.8237000206149322,0.8308611851257072,79.525,72.609,14.69678,13.85499,10.76149,11.40741,24432.831136255216,34845.53965639217,99.43968,99.41938,90.78313091,83.96366,85.15087,91.25939,49.38187,5.95006,91.6668,2.97411,84.55987,2.38865263,-1.51751,11720.0,70.6813,69.6146,12.133239098206538,29.807,68.9,19.33481,,,427.7031458,429.916827,425.7612272,23.722,100.0,82.0,77.0,1.06,1.0013431231558125,0.9867215205248665,1.0037089729107869,0.9635167081975593,0.942240997141066,0.7791941725472343,43.34405,19.56989247,12.51,19.02778,2.029629866666667,1.0,,20.25356,41.21575,34.19,53.59091949,126.0,24.0,2.0,81.6709,5.677497,0.276,61.0,19.0,36.211,19.56989247,88.15230784,93.55600967,45.315,64.736
Russia,643,yes,yes,0.824,72.58,15.02735,12.17244258,26157.04711,49.0,1.0066508971738939,1.0,0.8229071431790637,0.8174702327185336,77.785,67.148,15.25936,14.80511,11.9142,12.0751,19693.99509009639,33639.838342489034,99.74909,99.64997,95.925678,86.78778,102.58246,103.38481,81.90931,2.78226,97.72145,3.74303,49.07407,7.97996776,3.29558,24551.0,80.8647,80.0784,12.644806276281306,40.139,71.2,21.25883,,,478.5019341,487.7865391,477.71768,5.35,100.0,76.0,61.0,1.06,0.978503962046808,0.9953045223174758,0.9751786752404792,1.1101138211382116,1.0061182639235773,0.9491597532439907,49.59273,16.4516129,,18.40278,2.2649575384615384,1.0,,,,39.75,76.13137054,140.0,,,96.0979,1.652206,0.225,50.0,17.0,20.699,16.4516129,96.31389491,95.72820449,54.822,70.248
"Russia, Moscow",643001,yes,yes,0.824,72.58,15.02735,12.17244258,26157.04711,49.0,1.0066508971738939,1.0,0.8229071431790637,0.8174702327185336,77.785,67.148,15.25936,14.80511,11.9142,12.0751,19693.99509009639,33639.838342489034,99.74909,99.64997,95.925678,86.78778,102.58246,103.38481,81.90931,2.78226,97.72145,3.74303,49.07407,7.97996776,3.29558,24551.0,80.8647,80.0784,12.644806276281306,40.139,71.2,21.25883,,,478.5019341,487.7865391,477.71768,5.35,100.0,76.0,61.0,1.06,0.978503962046808,0.9953045223174758,0.9751786752404792,1.1101138211382116,1.0061182639235773,0.9491597532439907,49.59273,16.4516129,,18.40278,2.2649575384615384,1.0,,,,39.75,76.13137054,140.0,,,96.0979,1.652206,0.225,50.0,17.0,20.699,16.4516129,96.31389491,95.72820449,54.822,70.248
Saudi Arabia,682,yes,yes,0.854,75.13,16.13575,10.22517,47495.42697,40.0,0.8960899029569535,5.0,0.791461274258187,0.8832386925089674,76.759,73.935,16.01491,16.23254,9.75244,10.522,16511.711975393875,70180.9119858063,99.28044,99.32152,68.84821,21.23175,99.7699,110.08628,68.03989,30.43672,80.94371,,62.16307,38.29268068,-0.35493,15334.0,93.31,91.4001,13.476336401796596,26.117,22.4,13.81495,100.0,100.0,399.1516582,373.2388056,386.2461449,3.016,100.0,,78.0,1.03,1.048686266566352,1.0114525837912807,0.9434357695469137,2.9675777195670436,0.8950737532276255,7.665164644714039,13.37663,19.86754967,1.14,,,,,14.65023,36.822,,58.17010498,70.0,,,58.66,1.102724,0.252,56.0,17.0,7.324,19.86754967,64.78652,72.38120855,22.115,78.372
Serbia,891,yes,no,0.806,76.0,14.73747,11.19411,17191.66873,65.0,0.9771722781563892,1.0,0.7965022233070886,0.8151093119524768,78.617,73.407,15.27885,14.22612,10.79403,11.6315,13989.976276170857,20525.48347320908,99.72468,99.71523,89.79983,62.28713,100.30193,95.08724,67.15866,0.61744,96.64382,3.71509,112.6441,9.351231471,-1.43796,1711.0,73.3607,70.0816,12.356079715028645,31.131,56.1,14.2927,,,439.4663414,448.2830563,439.8738896,24.297,100.0,75.0,25.0,1.07,0.9938710926995429,1.0003009353825525,1.009814781568461,1.1139464639100094,0.9219167205828049,1.1669065966635617,45.15769,37.65182186,31.21,19.16756,2.2056066593175445,,3.2,20.317,42.55736,33.57,70.12700653,135.0,17.0,2.0,82.8695,6.200531,0.132,35.0,12.0,14.706,37.65182186,86.30764,93.61761,47.407,62.81
Singapore,702,yes,yes,0.938,83.62,16.44088,11.62461,88155.21431,12.0,0.9852372575048299,1.0,0.9308035314585691,0.9447506419071916,85.728,81.526,16.65767,16.28347,11.17682,12.1125,71387.27614451066,103421.3856924149,99.94237,99.91742,81.42356,,100.62695,107.5746,84.79291,0.85961,98.98744,2.85435,319.1484,37.13866028,10.5088,14673.0,88.1656,87.5644,12.22312632124014,22.936,24.9,14.69428,,,549.4647078,569.0077799,550.9369001,9.666,100.0,100.0,100.0,1.07,,0.9989262992325572,0.9896164495712011,1.8786429532207445,0.9181298760664783,1.08884401817264,41.83149,23.0,,,,,,22.55244,34.26117,,96.31292725,84.0,6.1,,84.0,2.140047,0.065,12.0,8.0,3.53,23.0,78.09105,85.05447,61.97,78.298
Slovakia,703,yes,no,0.86,77.54,14.48704,12.69315651,32113.04569,39.0,0.9918148051098387,1.0,0.8550288152802001,0.8620851502468849,80.96,74.02,14.99228,14.00465,12.57560517,12.75176026,24617.901411793257,40014.435239373066,,,99.2805,95.21526,98.73205,91.06786,46.63439,1.14839,88.06135,3.90267,185.2499,3.444814956,-13.86753,2256.0,80.6603,80.5929,12.8368566326301,34.156,57.0,15.53919,99.7,99.9,457.983967,486.1648542,464.0475782,11.798,100.0,100.0,83.0,1.05,0.9830062345156511,0.9942279134871795,1.012115536663068,1.399178993559346,0.9920637999999999,1.2253716551040634,45.58363,20.0,25.91,,,1.0,,11.90626,35.22112,33.3,83.13398743,238.0,23.0,4.0,95.6005,9.848937,0.191,45.0,5.0,25.684,20.0,99.20638,100.0,52.182,67.442
South Africa,710,yes,yes,0.709,64.13,13.7912,10.24064634,12129.23006,115.0,0.9863821495061937,1.0,0.7020923195480617,0.7117853054209727,67.679,60.726,14.17628,13.41081,10.03064,10.29088,9247.750648454106,15094.546275607783,96.87589,93.75609,75.47826427,24.61863,100.86473,104.69798,22.36603,20.30305,93.48155,6.15899,59.20454,7.213765024,3.3392,10472.0,56.1674,,13.765223595311305,9.054,23.0,30.3322,,,,,,10.298,89.59882,,,1.03,1.0048110220286666,0.9666730371326663,1.0857122315798193,1.1608045009185548,0.9586890563313749,1.149444886514342,44.64506,45.33333333,40.73,15.55556,2.408604081860171,,3.6,12.94394,42.75694,33.26,69.98981476,120.0,21.3,,52.1689,13.631,0.406,93.0,119.0,67.908,45.33333333,74.97650898,78.20732748,49.61,62.749
South Korea,410,yes,yes,0.916,83.03,16.48165,12.21376462,43043.71057,22.0,0.9361131436640374,3.0,0.8805218558850386,0.9406147770114528,85.954,79.935,15.91375,16.97458,11.4283,12.87406,27734.215949119614,58309.27944080957,,,86.04469609,94.9852,98.0886,100.33825,94.34969,0.52357,99.34073,4.59437,76.7094,2.271640807,-1.10327,15347.0,95.8983,94.6165,12.77145500861513,23.608,124.3,16.28669,100.0,100.0,514.0522882,525.933002,519.0072549,19.041,100.0,98.0,100.0,1.06,1.0028984284891949,0.9975433135330066,0.993568910119637,0.8203015572217186,0.8425410897682664,0.9004389004389005,42.33767,16.66666667,18.59,13.95833,4.187503187503188,0.9590000000000001,,14.43469,25.21585,,94.68531036,90.0,,,85.9853,4.570565,0.064,11.0,11.0,1.379,16.66666667,80.43655096,95.46899485,52.892,73.102
Spain,724,yes,no,0.904,83.57,17.61613,10.25178,40974.52408,25.0,0.9858652738011706,1.0,0.896326715634599,0.9091776933968466,86.248,80.826,18.01731,17.22631,10.16173,10.34807,32880.97702057912,49355.52706476317,99.7439,99.6885,77.72236,92.45296,102.71029,126.0045,88.85301,0.12663,92.69784,4.20911,66.91707,13.06081318,1.17233,82773.0,86.1072,85.6031,13.829921209806063,38.723,29.7,13.13172,100.0,100.0,,481.3926126,483.2520427,10.982,100.0,98.0,97.0,1.06,1.0033661034573575,1.0166232542619074,1.0136243909215892,1.098082174382422,0.9393358769473741,1.3473019040492227,46.00047,41.85667752,38.49,18.95833,2.2016128002081032,0.46596858638743455,,12.43523,29.55581,33.72,91.64125061,112.0,13.0,3.0,67.6972,11.63594,0.07,16.0,4.0,7.725,41.85667752,75.37,80.23754,51.853,63.429
Sweden,752,yes,yes,0.945,82.8,19.48234,12.54847,54507.80504,7.0,0.9826442554677156,1.0,0.9364274045697064,0.9529668538325591,84.56,81.029,20.41199,18.58575,12.69396,12.39988,47708.533866443126,61287.048819561256,,,89.30195,96.32934,126.57538,152.86068,66.98824,0.44376,99.35619,7.66993,90.4859,19.97941688,2.85444,7440.0,92.1417,93.6805,13.812523669883392,39.84,21.4,12.23325,,,505.7852205,502.3877022,499.4446901,6.063,100.0,100.0,93.0,1.06,0.9949635305138494,1.0134800539924222,1.0660916418682524,0.8454908883235555,0.9971245987452407,0.9269746646795827,48.24959,47.27793696,43.84,16.04201,1.2505493854444625,1.0,,15.67903,35.47829,41.85,100.0,,28.0,12.0,87.1154,17.58883,0.039,3.0,4.0,5.076,47.27793696,89.28605,89.54352356,61.384,67.766
Taiwan,158,yes,yes,,,,,,,,,,,,,,,,,,,,,,,,,,,,,,,,,,,,,,,,,,,,,,,,,,,,,,,,,,,,,,,,,,,,,,,,,,,,,,,
Turkey,792,yes,yes,0.82,77.69,16.60266555,8.10682,27700.89481,54.0,0.9239286215250176,4.0,0.7835054024993082,0.8480150784874163,80.563,74.724,16.01757436,17.06999044,7.27688,8.95451,17853.9719729508,37806.62920026884,99.58643,99.90791,60.34626,32.73927,93.15498,105.99227,,0.0848,94.64766,,61.3945,7.044056238,0.85927,45768.0,71.0428,63.9338,13.498456691325645,18.492,28.5,16.97782,,,465.6316657,453.5077774,468.299618,27.043,100.0,,65.0,1.05,0.955023094722717,0.9898738558017839,0.9529248319596574,1.3110529023808408,0.6943631851128508,1.3631609529343405,28.9384,17.44966443,10.14,19.15117,5.167960601767524,,14.7,14.23709,34.68608,17.46,54.29382324,112.0,38.0,,46.3447,,0.306,68.0,17.0,26.559,17.44966443,50.15919,72.23768638,34.013,72.586
United Arab Emirates,784,yes,yes,0.89,77.97,14.3441,12.11122,67462.0953,30.0,0.9306258727041725,3.0,0.8424034774782221,0.9052010073934463,79.314,77.291,14.81044081,14.11443511,11.6769,12.42786,28577.657802941496,84722.52253829598,99.11,99.64,78.91768,77.97611,108.39706,104.94793,,8.04099,96.76002,,160.9361,87.88936607,27.74174,21286.0,98.45,98.8,12.883067300255647,25.278,13.8,24.52278,100.0,100.0,431.7817695,434.9472519,433.6368028,0.932,100.0,,96.0,1.05,0.951344282944172,0.98092905147312,0.9187018875825261,2.2610993657505283,0.9382200166336516,3.878127004490058,17.156,50.0,,,,,,22.2069,41.48553,15.75,76.41671753,45.0,,,52.4057,,0.079,18.0,3.0,6.546,50.0,76.02257,81.02851,52.391,93.389
"United Arab Emirates, Abu Dhabi",7842,yes,yes,0.89,77.97,14.3441,12.11122,67462.0953,30.0,0.9306258727041725,3.0,0.8424034774782221,0.9052010073934463,79.314,77.291,14.81044081,14.11443511,11.6769,12.42786,28577.657802941496,84722.52253829598,99.11,99.64,78.91768,77.97611,108.39706,104.94793,,8.04099,96.76002,,160.9361,87.88936607,27.74174,21286.0,98.45,98.8,12.883067300255647,25.278,13.8,24.52278,100.0,100.0,431.7817695,434.9472519,433.6368028,0.932,100.0,,96.0,1.05,0.951344282944172,0.98092905147312,0.9187018875825261,2.2610993657505283,0.9382200166336516,3.878127004490058,17.156,50.0,,,,,,22.2069,41.48553,15.75,76.41671753,45.0,,,52.4057,,0.079,18.0,3.0,6.546,50.0,76.02257,81.02851,52.391,93.389
"United Arab Emirates, Dubai",7841,yes,yes,0.89,77.97,14.3441,12.11122,67462.0953,30.0,0.9306258727041725,3.0,0.8424034774782221,0.9052010073934463,79.314,77.291,14.81044081,14.11443511,11.6769,12.42786,28577.657802941496,84722.52253829598,99.11,99.64,78.91768,77.97611,108.39706,104.94793,,8.04099,96.76002,,160.9361,87.88936607,27.74174,21286.0,98.45,98.8,12.883067300255647,25.278,13.8,24.52278,100.0,100.0,431.7817695,434.9472519,433.6368028,0.932,100.0,,96.0,1.05,0.951344282944172,0.98092905147312,0.9187018875825261,2.2610993657505283,0.9382200166336516,3.878127004490058,17.156,50.0,,,,,,22.2069,41.48553,15.75,76.41671753,45.0,,,52.4057,,0.079,18.0,3.0,6.546,50.0,76.02257,81.02851,52.391,93.389
United States,840,yes,yes,0.926,78.86,16.31039,13.41344,63825.65748,17.0,0.993544801844942,1.0,0.9217149522350425,0.9277034619108101,81.405,76.341,16.92108,15.71635,13.46054,13.36257,50590.342929277016,77338.34193711884,,,96.02937,72.93408,101.82144,98.95234,88.16739,,,4.96174,26.38873,15.39548775,4.72445,79745.92,87.2661,74.8821,17.105908282209004,26.12,28.7,14.19857,,,505.3527705,478.2447174,502.3800319,3.837,100.0,99.0,90.0,1.05,1.0058336201376359,0.9923441697162727,0.9949297630650135,0.7555968224491901,1.0010080306966445,0.9673622257891921,46.34943,23.72881356,,15.375,1.6113531488722623,0.8686974789915967,,10.42701,33.98544,40.85,92.68624878,,,,96.4763,6.174673,0.204,46.0,19.0,19.86,23.72881356,96.07597,95.97922,56.126,68.186
